,name,rating,price,reviews
0,Hibiki Harmony,4,£76.95,(60Reviews)
1,Yamazaki 12 Year Old,4.5,£150,(94Reviews)
2,Nikka Coffey Grain Whisky,4.5,£57.95,(52Reviews)
3,Yamazaki Distiller's Reserve,4.5,£72.95,(54Reviews)
4,Hakushu Distiller's Reserve,4.5,£70.95,(28Reviews)
5,Hatozaki 12 Year Old Umeshu Finish,no rating,£68.95,no views
6,Yoichi Single Malt,4.5,£77.75,(10Reviews)
7,The Chita Whisky,4.5,£51.95,(42Reviews)
8,Ichiro's Malt Double Distilleries 2021,2,£299,(1Review)
9,Shinju Japanese Whisky,no rating,£37.45,no views
10,Suntory Toki,4,£33.95,(34Reviews)
11,"Shizuoka Contact S Single Malt
3 Year Old",no rating,£175,no views
12,Kaiyo Mizunara Oak,5,£82.95,(2Reviews)
13,Shinju 8 Year Old Japanese Whisky,no rating,£59.75,no views
14,Akashi Single Malt Whisky,5,£66.75,(2Reviews)
15,Hakushu 12 Year Old,4.5,£185,(32Reviews)
16,Miyagikyo Single Malt,4.5,£78.45,(10Reviews)
17,Hakushu 18 Year Old,4.5,£725,(9Reviews)
18,"Shizuoka Single Malt Prologue K and Prologue W
2x20cl",no rating,£199,no views
19,"Matsui Mizunara
Kurayoshi Distillery",no rating,£125,no views
20,Hibiki 21 Year Old,5,"£1,250",(4Reviews)
21,"Mars Komatgatake Edition
Bot.2021",no rating,£145,no views
22,"The House of Suntory Triology Pack
3x20cl",no rating,£44.95,no views
23,"Matsui Sakura
Kurayoshi Distillery",no rating,£125,no views
24,"Karuizawa 38 Year Old Cask #7582
Ruby Geisha",no rating,"£37,500",no views
25,Kaiyo Mizunara Oak Cask Strength,5,£110,(3Reviews)
26,"Yamazaki Mizunara 18 Year Old
2017 Edition",no rating,"£10,000",no views
27,"Karuizawa 29 Year Old
Aika Geisha Bourbon Cask #8897",no rating,"£27,500",no views
28,Shirakawa 1958,5,"£25,000",(1Review)
29,"Yoichi 1988
Cask 100212",no rating,"£8,000",no views
30,"Karuizawa 34 Year Old Cask #3668
Ruby Geisha",no rating,"£28,000",no views
31,"Yamazaki Mizunara
Bot.2011",no rating,"£7,500",no views
32,"Karuizawa 31 Year Old
Sapphire Geisha",no rating,"£27,500",no views
33,Kaiyo Peated Mizunara Oak,no rating,£99.95,no views
34,"Ichiro's Malt & Grain
Japanese Blended Whisky 2019",no rating,"£2,750",no views
35,"Ichiro's Malt & Grain
Japanese Blended Whisky 2021",no rating,"£2,250",no views
36,"Karuizawa 38 Year Old
Pearl Geisha",no rating,"£37,500",no views
37,"Akashi 5 Year Old
Red Wine Cask",no rating,£160,no views
38,"Karuizawa 1970
Cask 1985",no rating,"£30,000",no views
39,"Akashi 5 Year Old
Sherry Cask Half Litre",5,£150,(2Reviews)
40,"Karuizawa 1984
Bot.2014 Sherry Cask #3657",no rating,"£15,000",no views
41,"Karuizawa 1983
Bot.2014 Sherry Cask",5,"£15,000",(2Reviews)
42,"Karuizawa 1981
Bot.2014 Sherry Cask",no rating,"£15,000",no views
43,"Karuizawa 1984
29 Years Old Sherry Cask #3662",no rating,"£15,000",no views
44,"Karuizawa 30 Year Old
First Geisha Bourbon Cask #8606",no rating,"£18,000",no views
45,"Karuizawa 1984
Bot.2013 Sherry Cask #3663",5,"£15,000",(1Review)
46,"Karuizawa 1981
Sherry Cask #6056",no rating,"£17,500",no views
47,"Karuizawa 1981
Cask #103",no rating,"£15,000",no views
48,Hibiki Harmony,4,£76.95,(60Reviews)
49,Yamazaki 12 Year Old,4.5,£150,(94Reviews)
50,Nikka Coffey Grain Whisky,4.5,£57.95,(52Reviews)
51,Yamazaki Distiller's Reserve,4.5,£72.95,(54Reviews)
52,Hakushu Distiller's Reserve,4.5,£70.95,(28Reviews)
53,Hatozaki 12 Year Old Umeshu Finish,no rating,£68.95,no views
54,Yoichi Single Malt,4.5,£77.75,(10Reviews)
55,The Chita Whisky,4.5,£51.95,(42Reviews)
56,Ichiro's Malt Double Distilleries 2021,2,£299,(1Review)
57,Shinju Japanese Whisky,no rating,£37.45,no views
58,Suntory Toki,4,£33.95,(34Reviews)
59,"Shizuoka Contact S Single Malt
3 Year Old",no rating,£175,no views
60,Kaiyo Mizunara Oak,5,£82.95,(2Reviews)
61,Shinju 8 Year Old Japanese Whisky,no rating,£59.75,no views
62,Akashi Single Malt Whisky,5,£66.75,(2Reviews)
63,Hakushu 12 Year Old,4.5,£185,(32Reviews)
64,Miyagikyo Single Malt,4.5,£78.45,(10Reviews)
65,Hakushu 18 Year Old,4.5,£725,(9Reviews)
66,"Shizuoka Single Malt Prologue K and Prologue W
2x20cl",no rating,£199,no views
67,"Matsui Mizunara
Kurayoshi Distillery",no rating,£125,no views
68,Hibiki 21 Year Old,5,"£1,250",(4Reviews)
69,"Mars Komatgatake Edition
Bot.2021",no rating,£145,no views
70,"The House of Suntory Triology Pack
3x20cl",no rating,£44.95,no views
71,"Matsui Sakura
Kurayoshi Distillery",no rating,£125,no views
72,Hibiki Harmony,4,£76.95,(60Reviews)
73,Yamazaki 12 Year Old,4.5,£150,(94Reviews)
74,Nikka Coffey Grain Whisky,4.5,£57.95,(52Reviews)
75,Yamazaki Distiller's Reserve,4.5,£72.95,(54Reviews)
76,Hakushu Distiller's Reserve,4.5,£70.95,(28Reviews)
77,Hatozaki 12 Year Old Umeshu Finish,no rating,£68.95,no views
78,Yoichi Single Malt,4.5,£77.75,(10Reviews)
79,The Chita Whisky,4.5,£51.95,(42Reviews)
80,Ichiro's Malt Double Distilleries 2021,2,£299,(1Review)
81,Shinju Japanese Whisky,no rating,£37.45,no views
82,Suntory Toki,4,£33.95,(34Reviews)
83,"Shizuoka Contact S Single Malt
3 Year Old",no rating,£175,no views
84,Kaiyo Mizunara Oak,5,£82.95,(2Reviews)
85,Shinju 8 Year Old Japanese Whisky,no rating,£59.75,no views
86,Akashi Single Malt Whisky,5,£66.75,(2Reviews)
87,Hakushu 12 Year Old,4.5,£185,(32Reviews)
88,Miyagikyo Single Malt,4.5,£78.45,(10Reviews)
89,Hakushu 18 Year Old,4.5,£725,(9Reviews)
90,"Shizuoka Single Malt Prologue K and Prologue W
2x20cl",no rating,£199,no views
91,"Matsui Mizunara
Kurayoshi Distillery",no rating,£125,no views
92,Hibiki 21 Year Old,5,"£1,250",(4Reviews)
93,"Mars Komatgatake Edition
Bot.2021",no rating,£145,no views
94,"The House of Suntory Triology Pack
3x20cl",no rating,£44.95,no views
95,"Matsui Sakura
Kurayoshi Distillery",no rating,£125,no views
96,Hibiki Harmony,4,£76.95,(60Reviews)
97,Yamazaki 12 Year Old,4.5,£150,(94Reviews)
98,Nikka Coffey Grain Whisky,4.5,£57.95,(52Reviews)
99,Yamazaki Distiller's Reserve,4.5,£72.95,(54Reviews)
100,Hakushu Distiller's Reserve,4.5,£70.95,(28Reviews)
101,Hatozaki 12 Year Old Umeshu Finish,no rating,£68.95,no views
102,Yoichi Single Malt,4.5,£77.75,(10Reviews)
103,The Chita Whisky,4.5,£51.95,(42Reviews)
104,Ichiro's Malt Double Distilleries 2021,2,£299,(1Review)
105,Shinju Japanese Whisky,no rating,£37.45,no views
106,Suntory Toki,4,£33.95,(34Reviews)
107,"Shizuoka Contact S Single Malt
3 Year Old",no rating,£175,no views
108,Kaiyo Mizunara Oak,5,£82.95,(2Reviews)
109,Shinju 8 Year Old Japanese Whisky,no rating,£59.75,no views
110,Akashi Single Malt Whisky,5,£66.75,(2Reviews)
111,Hakushu 12 Year Old,4.5,£185,(32Reviews)
112,Miyagikyo Single Malt,4.5,£78.45,(10Reviews)
113,Hakushu 18 Year Old,4.5,£725,(9Reviews)
114,"Shizuoka Single Malt Prologue K and Prologue W
2x20cl",no rating,£199,no views
115,"Matsui Mizunara
Kurayoshi Distillery",no rating,£125,no views
116,Hibiki 21 Year Old,5,"£1,250",(4Reviews)
117,"Mars Komatgatake Edition
Bot.2021",no rating,£145,no views
118,"The House of Suntory Triology Pack
3x20cl",no rating,£44.95,no views
119,"Matsui Sakura
Kurayoshi Distillery",no rating,£125,no views
