title,product_img_url,in_stock,alcoholPercentage,price
Affligem Blond - 2L SUB Keg,https://www.beerwulf.com/globalassets/affligem-blond-2l-keg_1_02.png,True,6.7,£ 11.99
Delirium Tremens - 2L SUB Keg,https://www.beerwulf.com/globalassets/delirium-tremens-2l-keg_1_0.png,True,8.5,£ 18.99
Lagunitas IPA - 2L SUB Keg,https://www.beerwulf.com/globalassets/lagunitas-ipa-2l-keg_1_02.png,True,6.2,£ 13.99
Tiger - 2L SUB Keg,https://www.beerwulf.com/globalassets/tiger-2l-keg_1_0.png,True,4.8,£ 10.99
Cruzcampo Especial - 2L SUB Keg,https://www.beerwulf.com/globalassets/cruzcampo-especial-2l-keg_1_1.png,True,5.6,£ 10.99
Hofbräu Kaltenhausen Gandolf IPA - 2L SUB Keg,https://www.beerwulf.com/globalassets/hofbrau-kaltenhausen-gandolf-ipa-2l-keg_1_1.png,True,7.9,£ 12.49
Newcastle Brown Ale - 2L SUB Keg,https://www.beerwulf.com/globalassets/new-castle-brown-ale-2l-keg_1_04.png,True,4.7,£ 11.29
Fourpure Session IPA - 2L SUB Keg,https://www.beerwulf.com/globalassets/fourpure-session-ipa-2l-keg_1_04.png,True,4.2,£ 15.99
Desperados - 5L Draught Keg,https://www.beerwulf.com/globalassets/catalog/beerwulf/beers/5l-keg/draught_keg_5l_desperados_original.png,True,5.9,£ 26.99
Krombacher Pils - 5L Draught Keg,https://www.beerwulf.com/globalassets/krombacher-pilsdraughtkeg5_14692_2.png,True,4.8,£ 26.99
Puntigamer - 2L SUB Keg,https://www.beerwulf.com/globalassets/puntigamer---sub-keg_beer_23044_03.png,True,5.2,£ 10.99
Paulaner Weissbier - 5L Draught Keg,https://www.beerwulf.com/globalassets/paulaner-weissbier---draught-keg_beer_23351_0.png,True,5.5,£ 29.99
Desperados - 8L BLADE Keg,https://www.beerwulf.com/globalassets/desperados-blade-keg_beer_23543_02.png,True,5.9,£ 39.99
Messina Cristalli Di Sale - 8L BLADE Keg,https://www.beerwulf.com/globalassets/messina-cristalli-di-sale---8l-blade-keg_beer_23827_03.png,True,5.0,£ 37.99
Wild Beer Co IPA - 2L SUB Keg,https://www.beerwulf.com/globalassets/wild-beer-co-ipa---sub-keg-v2_beer_24040_0.png,True,5.2,£ 15.99
Mama IPA - 2L SUB Keg,https://www.beerwulf.com/globalassets/mama-ipa---sub-keg-v2_beer_24044_0.png,True,5.9,£ 16.99
Affligem Dubbel - 2L SUB Keg,https://www.beerwulf.com/globalassets/affligem-dubbel---sub-keg-v2_beer_24046_0.png,True,6.8,£ 12.99
Lagunitas DayTime - 2L SUB Keg,https://www.beerwulf.com/globalassets/lagunitas-daytime---sub-keg-v2_beer_24050_0.png,True,4.0,£ 13.99
Hapkin - 2L SUB Keg,https://www.beerwulf.com/globalassets/hapkin---sub-keg-v2_beer_24052_0.png,True,8.5,£ 14.99
Lagunitas IPA - 5L Draught Keg,https://www.beerwulf.com/globalassets/lagunitas-ipa---5l-draught-keg_beer_24142_02.png,True,6.2,£ 27.99
Villacher Märzen - 8L BLADE Keg,https://www.beerwulf.com/globalassets/villacher-marzen--8l-blade-keg_beer_24494_02.png,True,5.0,£ 37.99
Jopen 4-granen Bock -2L SUB Keg,https://www.beerwulf.com/globalassets/jopen-4-granen-bock_beer_24614_0.png,True,6.5,£ 16.99
Tricky Tripel - 2L SUB Keg,https://www.beerwulf.com/globalassets/gebrouwen-door-vrouwen---tripel-trap_beer_24870_0.png,True,7.8,£ 18.99
Birra Moretti Baffo d'Oro - 8L BLADE Keg,https://www.beerwulf.com/globalassets/birra-moretti-baffo-doro---8l-blade-keg_beer_24878_02.png,True,4.8,£ 36.99
Brouwerij 't IJ IJwit value case,https://www.beerwulf.com/globalassets/4.-products/packs/value-packs/brouwerij_t_ij_ijwit_box.png,True,,£ 60.99
Lagunitas A Little Sumpin Sumpin Value Case,https://www.beerwulf.com/globalassets/lagunitas-a-little-sumpin-sumpin-voordeelverpakking_1_03.png,True,,£ 61.99
Beerwulf Tasting Beer Glass Case,https://www.beerwulf.com/globalassets/6-harmony-beerwulf-glass-pack_pack_22730_0.png,True,,£ 27.99
Beerwulf Lager Beer Glass Case,https://www.beerwulf.com/globalassets/6-frankonia-beerwulf-glass-pack_pack_22773_0.png,True,,£ 25.99
Heineken Beer Glass Case,https://www.beerwulf.com/globalassets/6-heineken-glass-pack_pack_22777_05.png,True,,£ 20.99
Beerwulf Mixed Beer Glass Case,https://www.beerwulf.com/globalassets/6-mixed-beewulf-glass-pack_pack_22808_0.png,True,,£ 26.99
Belgian Beer Case,https://www.beerwulf.com/globalassets/belgian-pack_pack_24692_0.png,True,,£ 43.99
IPA Beer Case,https://www.beerwulf.com/globalassets/ipa-pack_pack_24763_0.png,True,,£ 45.99
World of Beer Case,https://www.beerwulf.com/globalassets/world-of-beer-pack_pack_24804_0.png,True,,£ 41.99
12 Popular Beer Case,https://www.beerwulf.com/globalassets/12-popular-beer-case-v5_pack_24882_0.png,True,,£ 27.50
Tiger Beer Glass Case,https://www.beerwulf.com/globalassets/6-tiger-schooner-uk_accessories_24133_02.png,True,,£ 27.99
The Desperados BLADE Tap Handle,https://www.beerwulf.com/globalassets/desperados-blade-taphandle_accessories_24408_03.png,True,,£ 29.99
The Birra Moretti BLADE Sticker,https://www.beerwulf.com/globalassets/birra-moretti-blade-sleeve_accessories_24414_03.png,True,,£ 19.99
Amstel - 8L BLADE Keg,https://www.beerwulf.com/globalassets/amstel---blade-keg_beer_22674_03.png,True,4.1,£ 33.99
BLADE Birra Moretti Starter Pack,https://www.beerwulf.com/globalassets/blade-2x-birra-moretti-8l-keg_04.png,True,,£ 499
Heineken - 8L BLADE Keg,https://www.beerwulf.com/globalassets/heineken-8l-blade-keg_1_2.png,True,5.0,£ 34.99
BLADE Heineken Starter Pack + Glasses,https://www.beerwulf.com/globalassets/blade--2-heineken---8l--6-hnk-glasses_skucollection_24311_03.png,True,,£ 519
Advent Calendar Beer Case 2022,https://www.beerwulf.com/globalassets/advent-calendar-pack-2022_pack_24681_010.jpeg,True,,£ 83.99
The SUB Compact Party Starter Pack,https://www.beerwulf.com/globalassets/sub--4-bm-lautentica--4-amstel_skucollection_23727_0.png,True,,£ 175
SUB Compact Affligem Starter Pack,https://www.beerwulf.com/globalassets/the-sub-compact--4-affligem-2l-kegs---uk-sku-collection_skucollection_25151_02.png,True,,£ 149
Heineken Silver - 8L BLADE Keg,https://www.beerwulf.com/globalassets/heineken-silver---8l-blade-keg_beer_24084_0.png,True,4.0,£ 34.99
BLADE Tiger Starter Pack + Glasses,https://www.beerwulf.com/globalassets/-blade--tiger---8l--glasses_skucollection_24315_02.png,True,,£ 519
Strongbow Original Cider - 2L SUB Keg,https://www.beerwulf.com/globalassets/strongbow-original-cider---sub-keg_beer_22287_0.png,True,4.5,£ 9.49
La Chouffe Blonde D'ardenne - 2L SUB Keg,https://www.beerwulf.com/globalassets/catalog/beerwulf/beers/torps/with-label/torp_2lkeg_la_chouffe_blond.png,True,8.0,£ 18.99
The SUB Compact Party Starter Pack,https://www.beerwulf.com/globalassets/sub--8-birra-moretti-lautentica_skucollection_23730_0.png,True,,£ 175
SOL - 8L BLADE Keg,https://www.beerwulf.com/globalassets/sol---8l-blade-keg_beer_23832_02.png,True,4.2,£ 36.99
BLADE Amstel Starter Pack,https://www.beerwulf.com/globalassets/blade-amstel-starter-pack-_skucollection_24299_04.png,True,,£ 499
Zipfer Urtyp - 8L BLADE Keg,https://www.beerwulf.com/globalassets/zipfer-urtyp---blade-keg_beer_15790_0.png,True,5.4,£ 37.99
The SUB Compact Mixed Starter Pack,https://www.beerwulf.com/globalassets/the-sub-compact--mixed-2l-kegs---uk-sku-collection_skucollection_25159_02.png,True,,£ 149
Lager & Pilsner beer case,https://www.beerwulf.com/globalassets/lager--pilsner-pack_pack_24785_0.png,True,,£ 40.99
The SUB Compact Heineken Starter Pack,https://www.beerwulf.com/globalassets/the-sub-compact--4-heineken-2l-kegs---uk-sku-collection_skucollection_25043_0.png,True,,£ 149
THE SUB COMPACT BIRRA MORETTI STARTER PACK,https://www.beerwulf.com/globalassets/the-sub-compact--4-bm-baffo-doro-2l-kegs---uk-sku-collection_skucollection_25155_0.png,True,,£ 149
Grade B: Refurbished BLADE Heineken Silver Bundle,https://www.beerwulf.com/globalassets/blade-refurbished--new-dome---b-grade-hnk-silver_skucollection_25304_0.png,True,,£ 375
La Chouffe Blonde D'ardenne - 2L SUB Keg,https://www.beerwulf.com/globalassets/catalog/beerwulf/beers/torps/with-label/torp_2lkeg_la_chouffe_blond.png,True,8.0,£ 18.99
Heineken - 2L SUB Keg,https://www.beerwulf.com/globalassets/catalog/beerwulf/beers/torps/full-sleeves-without-label/heineken_bw_clear.png,True,5.0,£ 9.99
Gösser Zwickl - 2L SUB Keg,https://www.beerwulf.com/globalassets/gosser-zwickl-2l-keg_1_2.png,True,5.2,£ 10.99
Zipfer Urtyp - 2L SUB Keg,https://www.beerwulf.com/globalassets/zipfer-urtyp-2l-keg_1_1.png,True,5.4,£ 10.99
St. Feuillien Blond - 2L SUB Keg,https://www.beerwulf.com/globalassets/st.-feuillien-blond-torp---2l-keg_1_1.png,True,7.0,£ 17.99
Affligem Blond - 5L Draught Keg,https://www.beerwulf.com/globalassets/affligem-blond-5l-keg_1_02.png,True,6.7,£ 26.99
Gösser Radler - 2L SUB Keg,https://www.beerwulf.com/globalassets/gosser-radler---2l-keg_1_1.png,True,2.0,£ 8.99
Hapkin - 8L BLADE Keg,https://www.beerwulf.com/globalassets/hapkin---blade-keg_beer_20561_0.png,True,8.3,£ 45.99
Tiger - 8L BLADE Keg,https://www.beerwulf.com/globalassets/tiger---blade-keg_beer_22201_0.png,True,4.7,£ 36.99
Puntigamer - 8L BLADE Keg,https://www.beerwulf.com/globalassets/puntigamer---blade-keg_beer_22318_02.png,True,5.1,£ 37.99
Alfa - 8L BLADE Keg,https://www.beerwulf.com/globalassets/alfa---8l-blade-keg_beer_23909_0.png,True,5.0,£ 38.99
La Cristal IPA du Mont Blanc - 2L SUB Keg,https://www.beerwulf.com/globalassets/la-cristal-ipa-du-mont-blanc-v2_beer_24034_0.png,True,4.7,£ 16.99
Strongbow Dark Fruit - 8L BLADE Keg,https://www.beerwulf.com/globalassets/strongbow-dark-fruits-8l-keg_beer_24297_03.png,True,4.0,£ 35.99
Paulaner Oktoberfest - 2L SUB Keg,https://www.beerwulf.com/globalassets/paulaner-munchen-oktoberfest-bier--2l-sub-keg_beer_24568_0.png,True,6.0,£ 13.49
Desperados Value Case,https://www.beerwulf.com/globalassets/desperados-voordeelverpakking_1_0.png,True,,£ 45.99
Lagunitas Daytime Value Case,https://www.beerwulf.com/globalassets/lagunitas-daytime-value-pack_1_0.png,True,,£ 51.99
Beerwulf Home Draught Kit,https://www.beerwulf.com/globalassets/beerwulf-home-draught-kit_pack_22783_03.png,True,,£ 33.99
Abbey and Trappist Beer Case,https://www.beerwulf.com/globalassets/trappist--abbey-_pack_24698_0.png,True,,£ 47.99
The Birra Moretti BLADE Tap Handle,https://www.beerwulf.com/globalassets/birra-moretti-blade-taphandle_accessories_24396_03.png,True,,£ 29.99
The Puntigamer BLADE Tap Handle,https://www.beerwulf.com/globalassets/puntigamer-blade-taphandle_accessories_24410_03.png,True,,£ 29.99
Pelforth Blonde - 2L SUB Keg,https://www.beerwulf.com/globalassets/pelforth-blonde---2l-keg_2_02.png,True,5.8,£ 10.99
Edelweiss Hefetrüb - 2L SUB Keg,https://www.beerwulf.com/globalassets/edelweiss---2l-keg_1_03.png,True,5.3,£ 11.29
Birra Moretti Baffo d'Oro - 2L SUB Keg,https://www.beerwulf.com/globalassets/birra-moretti-baffo-doro-2l-keg_1_0.png,True,4.8,£ 11.29
Cruzcampo Gran Reserva - 2L SUB Keg,https://www.beerwulf.com/globalassets/cruzcampo-gran-reserva-2l-keg_1_1.png,True,6.4,£ 11.99
Heineken - 5L Draught Keg,https://www.beerwulf.com/globalassets/heineken-5l-keg_1_04.png,True,5.0,£ 23.99
Pelforth Blonde - 5L Draught Keg,https://www.beerwulf.com/globalassets/pelforth-blonde-5l-keg_1_3.png,True,5.8,£ 24.99
Heineken 0.0 - 8L BLADE Keg,https://www.beerwulf.com/globalassets/heineken-0.0-blade-8l-keg_1_1.png,True,0.0,£ 24.99
Strongbow Dark Fruit - 2L SUB Keg,https://www.beerwulf.com/globalassets/strongbow-dark-fruit_2_1.png,True,4.0,£ 9.99
Birra Moretti La Rossa - 2L SUB Keg,https://www.beerwulf.com/globalassets/birra-moretti-la-rossatorp2_14820_0.png,True,7.2,£ 11.99
Brand Weizen - 2L SUB Keg,https://www.beerwulf.com/globalassets/brand-weizen-sub-kegtorp2_15420_0.png,True,5.1,£ 10.99
Affligem Fris Blond 4.6 - 2L SUB Keg,https://www.beerwulf.com/globalassets/affligem-fris-blond-sub-kegtorp2_15422_0.png,True,4.6,£ 11.29
Edelweiss Hefetrüb - 8L BLADE Keg,https://www.beerwulf.com/globalassets/edelweiss-hefetrub----blade-keg_beer_15788_0.jpeg,True,5.3,£ 38.99
Apfel Räuber - 8L BLADE Keg,https://www.beerwulf.com/globalassets/apfel-rauber---blade-keg_beer_15808_0.png,True,4.5,£ 35.99
Gösser Märzen - 8L BLADE Keg,https://www.beerwulf.com/globalassets/gosser-marzen---blade-keg_beer_22315_05.png,True,5.2,£ 37.99
Gösser Zwickl - 8L BLADE Keg,https://www.beerwulf.com/globalassets/gosser-zwickl---blade-keg_beer_22668_0.png,True,5.2,£ 37.99
Wiener Lager - 8L BLADE Keg,https://www.beerwulf.com/globalassets/wiener-lager---blade-keg_beer_22667_03.png,True,5.5,£ 37.99
Paulaner Münchner Hell - 5L Draught Keg,https://www.beerwulf.com/globalassets/paulaner-munchner-hell---draught-keg_beer_23349_0.png,True,4.9,£ 29.99
Affligem Blanche - 5L Draught Keg,https://www.beerwulf.com/globalassets/affligem-blanche-draught-keg_beer_23393_02.png,True,4.8,£ 25.99
Edelweiss Wheat - 8L BLADE Keg,https://www.beerwulf.com/globalassets/edelweiss-wheat_beer_23557_02.png,True,4.9,£ 38.99
Brixton Reliance - 8L BLADE Keg,https://www.beerwulf.com/globalassets/brixton-reliance-blade-keg_beer_23851_03.png,True,4.2,£ 39.99
Paulaner Weissbier - 2L SUB Keg,https://www.beerwulf.com/globalassets/-paulaner-weissbier---sub-keg-v2_beer_24035_0.png,True,5.5,£ 13.99
Affligem Tripel - 2L SUB Keg,https://www.beerwulf.com/globalassets/affligem-tripel---sub-keg-v2_beer_24048_0.png,True,8.5,£ 13.99
Fruh Kölsch - 2L SUB Keg,https://www.beerwulf.com/globalassets/fruh-kolsch---2l-sub-keg_beer_24139_02.png,True,4.8,£ 13.99
Orchard Thieves - 8L BLADE Keg,https://www.beerwulf.com/globalassets/orchard-thieves-8l-blade-keg_beer_24431_03.png,True,4.5,£ 35.99
Birra Moretti La Rossa - 8L BLADE Keg,https://www.beerwulf.com/globalassets/birra-moretti-la-rossa---8l-blade-keg_beer_24879_02.png,True,7.2,£ 39.99
Sol Value Case,https://www.beerwulf.com/globalassets/4.-products/packs/value-packs/sol_box.png,True,,£ 41.99
Beerwulf Beer Glass and Opener Kit,https://www.beerwulf.com/globalassets/beerwulf-bottle-kit_pack_22786_06.png,True,,£ 30.99
The Heineken Skimming Kit,https://www.beerwulf.com/globalassets/heineken-skimmer-kit_pack_23122_0.png,True,,£ 25.99
Heineken Silver Value Case,https://www.beerwulf.com/globalassets/heineken-silver-case_pack_24398_0.png,True,,£ 26.99
Alcohol Free Beer Case,https://www.beerwulf.com/globalassets/alcohol-free-pack_pack_24733_0.png,True,,£ 40.99
The SUB Classic,https://www.beerwulf.com/globalassets/the-sub-black-edition_1_0.png,True,0.0,£ 169
The Heineken BLADE Tap Handle,https://www.beerwulf.com/globalassets/heineken-blade-taphandle-_accessories_24394_03.png,True,,£ 29.99
The Tiger BLADE Tap Handle,https://www.beerwulf.com/globalassets/tiger-blade-taphandle_accessories_24402_03.png,True,,£ 29.99
The Zipfer BLADE Tap Handle,https://www.beerwulf.com/globalassets/zipfer-blade-taphandle_accessories_24404_03.png,True,,£ 29.99
The Messina BLADE Tap Handle,https://www.beerwulf.com/globalassets/messina-blade-taphandle_accessories_24406_03.png,True,,£ 29.99
The Heineken BLADE Sticker,https://www.beerwulf.com/globalassets/heineken-blade-sleeve_accessories_24412_03.png,True,,£ 19.99
Birra Moretti L'Autentica - 8L BLADE Keg,https://www.beerwulf.com/globalassets/birra-moretti-ricetta-originale-blade-8l-keg_1_05.png,True,4.6,£ 36.99
BLADE Heineken Starter Pack,https://www.beerwulf.com/globalassets/blade-2xheineken-8l-keg_04.png,True,,£ 499
Amstel -  2L SUB Keg,https://www.beerwulf.com/globalassets/amstel-torp----2l-keg_1_02.png,True,5.0,£ 9.59
Desperados - 2L SUB Keg,https://www.beerwulf.com/globalassets/catalog/beerwulf/beers/torps/full-sleeves-without-label/desperados_bw_clear.png,True,5.9,£ 11.99
The SUB Compact Birra Moretti L'Autentica Starter Pack,https://www.beerwulf.com/globalassets/the-sub-compact--4-bm-autentica-2l-kegs---uk-sku-collection_skucollection_25147_02.png,True,,£ 149
The SUB Compact Party Starter Pack,https://www.beerwulf.com/globalassets/sub--4-bm-lautentica--4-heineken_skucollection_23724_0.png,True,,£ 175
BLADE Mixed Starter Pack,https://www.beerwulf.com/globalassets/blade--1x-birra-moretti-1x-heineken-1x-zipfer-1x-affligem_skucollection_21377_0.png,True,,£ 549
BLADE Dome,https://www.beerwulf.com/globalassets/blade-dome_1_0.png,True,,£ 50.00
Grade A: Refurbished BLADE Heineken Silver Bundle,https://www.beerwulf.com/globalassets/blade-refurbished--new-dome---a-grade-hnk-silver_skucollection_25300_0.png,True,,£ 399
BLADE Tiger Starter Pack,https://www.beerwulf.com/globalassets/blade--2-tiger---8l-keg-v2_skucollection_23808_04.png,True,,£ 499
BLADE Heineken Silver Starter Pack,https://www.beerwulf.com/globalassets/blade--2-heineken-silver-starter-pack_skucollection_24303_02.png,True,,£ 499
BLADE Strongbow Dark Fruit Starter Pack,https://www.beerwulf.com/globalassets/blade--2-strongbow-dark-fruit---8l-keg_skucollection_24887_0.png,True,,£ 499
BLADE Beer Tap,https://www.beerwulf.com/globalassets/blade-and-dome_1_05.png,True,,£ 469
The SUB Compact,https://www.beerwulf.com/globalassets/the-sub-compact---2l_2_05.png,True,0.0,£ 125
Lagunitas IPA - 8L BLADE Keg,https://www.beerwulf.com/globalassets/lagunitas-ipa---blade-keg_beer_22312_02.png,False,6.2,£ 42.99
Gallia West IPA - 2L SUB Keg,https://www.beerwulf.com/globalassets/gallia-west-ipa---sub-keg-v2_beer_24042_0.png,False,6.0,£ 16.99
Birra Moretti L'Autentica Value Case,https://www.beerwulf.com/globalassets/4.-products/packs/value-packs/birra_moretti_box.png,False,,£ 36.99
Tiger Value Case,https://www.beerwulf.com/globalassets/tiger-voordeelverpakking_1_0.png,False,,£ 44.99
Birra Moretti Bar Kit,https://www.beerwulf.com/globalassets/birra-moretti-bar-kit_pack_23109_02.png,False,,£ 36.99
Heineken Beer Champions League Glass Case,https://www.beerwulf.com/globalassets/6-heineken-cl-glass-pack_pack_24283_0.png,False,,£ 20.99
BLADE Birra Moretti Starter Pack + Glasses,https://www.beerwulf.com/globalassets/blade--2-bm-lautentica---8l--6-bm-glasses_skucollection_24307_02.png,False,,£ 519
Lagunitas IPA Value Case,https://www.beerwulf.com/globalassets/lagunitas-ipa_2_0.png,False,,£ 57.99
Dos Equis Lager Especial Value Pack,https://www.beerwulf.com/globalassets/dos-equis-lager-especial-value-pack_1_0.png,False,,£ 37.99
Affligem Blond Value Case,https://www.beerwulf.com/globalassets/16-affligem-case_valuepack_24813_0.png,False,,£ 31.99
Affligem Blond - 8L BLADE Keg,https://www.beerwulf.com/globalassets/affligem-blond-8l-kegbladekeg8_15277_0.png,False,6.7,£ 40.99
Brixton Low Voltage - 2L SUB Keg,https://www.beerwulf.com/globalassets/brixton-low-voltage-torp-v2_beer_24031_02.png,False,4.3,£ 15.99
Red Stripe Value Case,https://www.beerwulf.com/globalassets/4.-products/packs/value-packs/red_stripes_lager_box.png,False,,£ 35.99
Birra Moretti Beer Glass Case,https://www.beerwulf.com/globalassets/6-birra-moretti-glass-pack_pack_22780_02.png,False,,£ 25.99
The Complete Heineken Bar Kit,https://www.beerwulf.com/globalassets/heineken-bar-kit_pack_22989_03.png,False,,£ 31.99
The Heineken Home Bar Bundle,https://www.beerwulf.com/globalassets/sub-compact--3-hnk-2-hnk-glasses-uk_pack_24342_0.png,False,,£ 149
The Birra Moretti Home Bar Bundle,https://www.beerwulf.com/globalassets/sub-compact--3-bm-autentica--2-bm-glasses-uk_pack_24351_0.png,False,,£ 149
Desperados,https://www.beerwulf.com/globalassets/desperados.33_1_2.png,True,5.9,£ 1.89
Lagunitas IPA,https://www.beerwulf.com/globalassets/lagunitas-ipa.36_1_1.png,True,6.2,£ 2.79
Red Stripe,https://www.beerwulf.com/globalassets/red-stripe.33_1_1.png,True,4.7,£ 1.69
Lagunitas Daytime,https://www.beerwulf.com/globalassets/lagunitas-daytime_3_03.png,True,4.0,£ 2.29
St. Feuillien Quadrupel,https://www.beerwulf.com/globalassets/st.-feuillien-quadrupelbottle.33_14862_0.png,True,11.0,£ 3.09
Engelszell Gregorius,https://www.beerwulf.com/globalassets/engelszell-gregorius.33_1_0.png,True,10.5,£ 4.59
Rochefort 8',https://www.beerwulf.com/globalassets/rochefort-8.33_1_1.png,True,9.2,£ 3.39
St. Feuillien Grand Cru,https://www.beerwulf.com/globalassets/st-feuillien-grand-cru.33_1_1.png,True,9.5,£ 2.99
Chimay Rood,https://www.beerwulf.com/globalassets/chimay-rood.33_1_1.png,True,7.0,£ 2.69
Magic Rock Cannonball,https://www.beerwulf.com/globalassets/magic-rock-cannonball.33_1_0.png,True,7.4,£ 3.29
Brussels Beer Project Wunder Lager,https://www.beerwulf.com/globalassets/brussels-beer-project-wunder-lager_2_1.png,True,3.8,£ 2.49
Lupulus Blonde Triple,https://www.beerwulf.com/globalassets/lupulus-blonde-bottle.33_14732_0.png,True,8.5,£ 2.69
Iki Yuzu,https://www.beerwulf.com/globalassets/iki-yuzu.33_1_1.png,True,4.5,£ 2.29
Mort Subite Kriek Lambic,https://www.beerwulf.com/globalassets/mort-subite-kriek-lambic.25_14867_0.png,True,4.0,£ 1.89
Texels Tripel,https://www.beerwulf.com/globalassets/texels-tripel.3_1_1.png,True,8.5,£ 2.99
Tiger Lager,https://www.beerwulf.com/globalassets/tiger_2_0.png,True,4.7,£ 2.19
Moretti L'Autentica,https://www.beerwulf.com/globalassets/catalog/beerwulf/beers/birra_moretti_lautentica_2.png,True,4.6,£ 1.69
Brouwerij 't IJ IJwit,https://www.beerwulf.com/globalassets/brouwerij-t-ij-ijwit.33_1_1.png,True,6.5,£ 2.79
Lagunitas A Little Sumpin' Sumpin',https://www.beerwulf.com/globalassets/lagunitas-a-little-sumpin-sumpin.36_1_1.png,True,7.5,£ 2.89
Ciney Blond,https://www.beerwulf.com/globalassets/ciney-blond.25_1_0.png,True,7.0,£ 1.89
Brugse Zot Dubbel,https://www.beerwulf.com/globalassets/brugse-zot-dubbel.33_1_1.png,True,7.5,£ 3.09
Affligem Tripel,https://www.beerwulf.com/globalassets/affligem-tripel.3_1_02.png,True,9.0,£ 2.19
Mount Saint Bernard Tynt Meadow,https://www.beerwulf.com/globalassets/mount-saint-bernard-tynt-meadow.33_1_0.png,True,7.4,£ 3.59
Maredsous Blonde,https://www.beerwulf.com/globalassets/maredsous-blondebottle.33_14815_02.png,True,6.0,£ 2.59
St. Feuillien Five,https://www.beerwulf.com/globalassets/st.-feuillien-fivebottle.33_14916_0.png,True,5.0,£ 2.39
Sol,https://www.beerwulf.com/globalassets/sol.33_1_1.png,True,4.5,£ 1.79
Dupont Saison,https://www.beerwulf.com/globalassets/dupont-saison.33_1_1.png,True,6.5,£ 2.59
Lindemans Kriek,https://www.beerwulf.com/globalassets/lindemans-kriek.25_1_1.png,True,3.5,£ 2.19
Westmalle Tripel,https://www.beerwulf.com/globalassets/westmalle-tripel.33_1_0.png,True,9.5,£ 2.99
Brand Weizen 0.0,https://www.beerwulf.com/globalassets/brand-weizen-0.0.3_1_1.png,True,0.0,£ 1.79
"Budels Malt 0,0%",https://www.beerwulf.com/globalassets/budels-malt-00.3_1_1.png,True,0.0,£ 1.69
Brand IPA,https://www.beerwulf.com/globalassets/brand-ipa.3_1_1.png,True,7.0,£ 2.09
Affligem Blond,https://www.beerwulf.com/globalassets/affligem-blond-uk_1_0.png,True,6.7,£ 1.89
